1.71007323e-01,3.94550256e-01
1.70086408e-01,3.86938626e-01
1.70086408e-01,3.81402895e-01
1.70086408e-01,3.75867165e-01
1.70086408e-01,3.70331434e-01
1.70086408e-01,3.64795703e-01
1.70086408e-01,3.59259973e-01
1.70086408e-01,3.53724242e-01
1.70086408e-01,3.48188511e-01
1.70086408e-01,3.42652781e-01
1.70086408e-01,3.37117050e-01
1.70086408e-01,3.31581319e-01
1.70086408e-01,3.26045589e-01
1.70086408e-01,3.20509858e-01
1.70086408e-01,3.14974127e-01
1.70086408e-01,3.09438397e-01
1.70086408e-01,3.03902666e-01
1.70086408e-01,2.98366935e-01
1.70086408e-01,2.92831205e-01
1.70086408e-01,2.87295474e-01
1.70086408e-01,2.81759743e-01
1.70086408e-01,2.76224013e-01
1.70086408e-01,2.70688282e-01
1.70086408e-01,2.65152551e-01
1.70086408e-01,2.59616821e-01
1.70086408e-01,2.54081090e-01
1.70086408e-01,2.48545359e-01
1.70086408e-01,2.43009629e-01
1.70086408e-01,2.37473898e-01
1.70086408e-01,2.31938168e-01
1.70086408e-01,2.26402437e-01
1.70086408e-01,2.20866706e-01
1.70086408e-01,2.15330976e-01
1.70086408e-01,2.09795245e-01
1.70086408e-01,2.04259514e-01
1.70086408e-01,1.98723784e-01
1.70086408e-01,1.93188053e-01
1.70086408e-01,1.87652322e-01
1.70086408e-01,1.82116592e-01
1.70086408e-01,1.76580861e-01
1.70086408e-01,1.71045130e-01
1.70086408e-01,1.65509400e-01
1.70086408e-01,1.59973669e-01
1.70086408e-01,1.54437938e-01
1.70086408e-01,1.48902208e-01
1.70086408e-01,1.43366477e-01
1.70086408e-01,1.37830746e-01
1.70086408e-01,1.32295016e-01
1.70086408e-01,1.26759285e-01
1.70086408e-01,1.21223554e-01
1.70086408e-01,1.15687824e-01
1.70086408e-01,1.10152093e-01
1.70086408e-01,1.04616362e-01
1.70086408e-01,9.90806317e-02
1.70086408e-01,9.35449010e-02
1.70086408e-01,8.80091704e-02
1.70086408e-01,8.24734397e-02
1.70086408e-01,7.69377091e-02
1.70086408e-01,7.14019784e-02
1.70086408e-01,6.58662478e-02
1.70086408e-01,6.03305171e-02
1.70086408e-01,5.47947864e-02
1.70086408e-01,4.92590558e-02
1.70086408e-01,4.37233251e-02
1.70086408e-01,3.81875945e-02
1.70086408e-01,3.26518638e-02
1.70086408e-01,2.71161331e-02
1.70086408e-01,2.15804025e-02
1.70086408e-01,1.60446718e-02
1.70086408e-01,1.05089412e-02
1.70086408e-01,4.97321051e-03
1.70086408e-01,-5.62520149e-04
1.70086408e-01,-6.09825081e-03
1.70086408e-01,-1.16339815e-02
1.70086408e-01,-1.71697121e-02
1.70086408e-01,-2.27054428e-02
1.70086408e-01,-2.82411734e-02
1.70086408e-01,-3.37769041e-02
1.70086408e-01,-3.93126348e-02
1.70086408e-01,-4.48483654e-02
1.70086408e-01,-5.03840961e-02
1.70086408e-01,-5.59198267e-02
1.70086408e-01,-6.14555574e-02
1.70086408e-01,-6.69912881e-02
1.70086408e-01,-7.25270187e-02
1.70086408e-01,-7.80627494e-02
1.70086408e-01,-8.35984800e-02
1.70086408e-01,-8.91342107e-02
1.70086408e-01,-9.46699413e-02
1.70086408e-01,-1.00205672e-01
1.70086408e-01,-1.05741403e-01
1.70086408e-01,-1.11277133e-01
1.70086408e-01,-1.16812864e-01
1.70086408e-01,-1.22348595e-01
1.70086408e-01,-1.27884325e-01
1.70086408e-01,-1.33420056e-01
1.70086408e-01,-1.38955787e-01
1.70086408e-01,-1.44491517e-01
1.70086408e-01,-1.50027248e-01
1.70086408e-01,-1.55562979e-01
1.70086408e-01,-1.61098709e-01
1.70086408e-01,-1.66634440e-01
1.70086408e-01,-1.72170171e-01
1.70086408e-01,-1.77705901e-01
1.70086408e-01,-1.83241632e-01
1.70086408e-01,-1.88777363e-01
1.70086408e-01,-1.94313093e-01
1.70086408e-01,-1.99848824e-01
1.70086408e-01,-2.05384555e-01
1.70086408e-01,-2.10920285e-01
1.70086408e-01,-2.16456016e-01
1.70086408e-01,-2.21991747e-01
1.70086408e-01,-2.27527477e-01
1.70086408e-01,-2.33063208e-01
1.70086408e-01,-2.38598938e-01
1.70086408e-01,-2.44134669e-01
1.70086408e-01,-2.49670400e-01
1.70086408e-01,-2.55206130e-01
1.70086408e-01,-2.60741861e-01
1.70086408e-01,-2.66277592e-01
1.70086408e-01,-2.71813322e-01
1.70086408e-01,-2.77349053e-01
1.70086408e-01,-2.82884784e-01
1.70086408e-01,-2.88420514e-01
1.70086408e-01,-2.93956245e-01
1.70086408e-01,-2.99491976e-01
1.70086408e-01,-3.05027706e-01
1.70086408e-01,-3.10563437e-01
1.70086408e-01,-3.16099168e-01
1.70086408e-01,-3.21634898e-01
1.70086408e-01,-3.27170629e-01
1.70086408e-01,-3.32706360e-01
1.70086408e-01,-3.38242090e-01
1.70086408e-01,-3.43777821e-01
1.70086408e-01,-3.49313552e-01
1.70086408e-01,-3.54849282e-01
1.70086408e-01,-3.60385013e-01
1.70086408e-01,-3.65920744e-01
1.70086408e-01,-3.71456474e-01
1.70086408e-01,-3.76992205e-01
1.70086408e-01,-3.82527936e-01
1.70086408e-01,-3.88063666e-01
1.70086408e-01,-3.93599397e-01
1.70086408e-01,-3.99135128e-01
1.71007323e-01,-4.04670858e-01
1.73463097e-01,-4.11436751e-01
1.76072356e-01,-4.17587563e-01
1.78374643e-01,-4.20816739e-01
1.83900133e-01,-4.22200672e-01
1.89425623e-01,-4.23430834e-01
1.94951113e-01,-4.24045916e-01
2.00476603e-01,-4.24660997e-01
2.06002092e-01,-4.27121321e-01
2.11527582e-01,-4.32349512e-01
2.17053072e-01,-4.36039999e-01
2.22578562e-01,-4.41575729e-01
2.28104052e-01,-4.47111460e-01
2.29945882e-01,-4.51417028e-01
2.33629542e-01,-4.56568333e-01
2.37313202e-01,-4.62334719e-01
2.40996861e-01,-4.68101105e-01
2.44680521e-01,-4.75020769e-01
2.48364181e-01,-4.81248466e-01
2.50819954e-01,-4.88936980e-01
2.52661784e-01,-4.94472711e-01
2.55731501e-01,-5.00008442e-01
2.56345444e-01,-5.06774335e-01
2.59415161e-01,-5.14001539e-01
2.61256991e-01,-5.21843824e-01
2.64940651e-01,-5.27840865e-01
2.68624311e-01,-5.33376596e-01
2.72307970e-01,-5.38143475e-01
2.75991630e-01,-5.43679206e-01
2.79675290e-01,-5.49214937e-01
2.83358950e-01,-5.54750667e-01
2.87042610e-01,-5.60132628e-01
2.92568100e-01,-5.65207047e-01
2.94409930e-01,-5.69512616e-01
2.98093590e-01,-5.74663921e-01
3.01777250e-01,-5.80430307e-01
3.05460910e-01,-5.85966037e-01
3.09144569e-01,-5.91501768e-01
3.13442173e-01,-5.96576188e-01
3.16511889e-01,-6.01650608e-01
3.20195549e-01,-6.06417487e-01
3.23879209e-01,-6.11799447e-01
3.27562869e-01,-6.17335178e-01
3.31860472e-01,-6.22409597e-01
3.34930189e-01,-6.28175984e-01
3.40455679e-01,-6.33481059e-01
3.42297508e-01,-6.38401708e-01
3.46595112e-01,-6.43322358e-01
3.50278772e-01,-6.48243007e-01
3.53348488e-01,-6.53317427e-01
3.57032148e-01,-6.58084306e-01
3.60715808e-01,-6.63466267e-01
3.64399468e-01,-6.69001997e-01
3.68697071e-01,-6.74076417e-01
3.71766788e-01,-6.79150837e-01
3.75450448e-01,-6.83917716e-01
3.79134107e-01,-6.89530332e-01
3.82817767e-01,-6.94989177e-01
3.87115371e-01,-6.99909827e-01
3.90185087e-01,-7.04984246e-01
3.93868747e-01,-7.09751126e-01
3.97552407e-01,-7.15363741e-01
4.01236067e-01,-7.20668817e-01
4.05840642e-01,-7.24820615e-01
4.08603387e-01,-7.30817656e-01
4.12287046e-01,-7.35584535e-01
4.15970706e-01,-7.41197151e-01
4.19654366e-01,-7.46655997e-01
4.23338026e-01,-7.52037957e-01
4.27021686e-01,-7.57727458e-01
4.30705346e-01,-7.63109418e-01
4.34389006e-01,-7.68875804e-01
4.37704300e-01,-7.75933861e-01
4.32547176e-01,-7.79562840e-01
4.27021686e-01,-7.80485462e-01
4.21496196e-01,-7.82023165e-01
4.15970706e-01,-7.83560868e-01
4.10445217e-01,-7.83868408e-01
4.04919727e-01,-7.85098571e-01
3.99394237e-01,-7.85713652e-01
3.93868747e-01,-7.85713652e-01
3.88343257e-01,-7.86636274e-01
3.82817767e-01,-7.87558895e-01
3.77292277e-01,-7.88173977e-01
3.71766788e-01,-7.89404139e-01
3.66241298e-01,-7.92172004e-01
3.61176265e-01,-7.96093147e-01
3.66241298e-01,-7.99860519e-01
3.71766788e-01,-8.02935925e-01
3.77292277e-01,-8.03858547e-01
3.82817767e-01,-8.05703790e-01
3.88343257e-01,-8.07549034e-01
3.93868747e-01,-8.09394278e-01
3.99394237e-01,-8.11239521e-01
4.04919727e-01,-8.13084765e-01
4.10445217e-01,-8.14622468e-01
4.15970706e-01,-8.16160171e-01
4.21496196e-01,-8.18005414e-01
4.27021686e-01,-8.19850658e-01
4.32547176e-01,-8.21695901e-01
4.38072666e-01,-8.22926064e-01
4.43598156e-01,-8.24463767e-01
4.49123645e-01,-8.26001469e-01
4.54649135e-01,-8.27846713e-01
4.60174625e-01,-8.29999497e-01
4.65700115e-01,-8.31537200e-01
4.71225605e-01,-8.32767363e-01
4.76751095e-01,-8.34612606e-01
4.82276584e-01,-8.36457850e-01
4.87802074e-01,-8.38303093e-01
4.93327564e-01,-8.40148337e-01
4.98853054e-01,-8.41378499e-01
5.04378544e-01,-8.42916202e-01
5.09904034e-01,-8.44453905e-01
5.15429524e-01,-8.46914230e-01
5.20955013e-01,-8.48759473e-01
5.26480503e-01,-8.50297176e-01
5.32005993e-01,-8.51834879e-01
5.37531483e-01,-8.53065042e-01
5.43056973e-01,-8.54910285e-01
5.48582463e-01,-8.57063069e-01
5.54107952e-01,-8.58600772e-01
5.59633442e-01,-8.60138475e-01
5.65158932e-01,-8.61676178e-01
5.70684422e-01,-8.63521422e-01
5.76209912e-01,-8.65674206e-01
5.81735402e-01,-8.67826990e-01
5.87260891e-01,-8.69672234e-01
5.92786381e-01,-8.71517477e-01
5.98311871e-01,-8.74285342e-01
6.03837361e-01,-8.77053208e-01
6.09362851e-01,-8.78898451e-01
6.14888341e-01,-8.81051235e-01
6.20413831e-01,-8.84126641e-01
6.25939320e-01,-8.86894507e-01
6.31464810e-01,-8.88739750e-01
6.36990300e-01,-8.90892534e-01
6.42515790e-01,-8.93660400e-01
6.48041280e-01,-8.96120725e-01
6.53566770e-01,-8.97350887e-01
6.59092259e-01,-8.98273509e-01
6.64617749e-01,-8.98273509e-01
6.70143239e-01,-8.98273509e-01
6.75668729e-01,-8.98273509e-01
6.81194219e-01,-8.97965968e-01
6.87180166e-01,-8.95736299e-01
6.92245198e-01,-8.91815156e-01
6.97402322e-01,-8.84618706e-01
7.01454348e-01,-8.77283863e-01
7.03296178e-01,-8.70287315e-01
7.06979838e-01,-8.64597814e-01
7.10663498e-01,-8.58831428e-01
7.14347158e-01,-8.52603731e-01
7.18030818e-01,-8.45914723e-01
7.21714478e-01,-8.37149816e-01
7.25398138e-01,-8.30922119e-01
7.29081797e-01,-8.24002456e-01
7.32765457e-01,-8.16852137e-01
7.36449117e-01,-8.10855095e-01
7.40132777e-01,-8.04166087e-01
7.41974607e-01,-7.97707735e-01
7.47131731e-01,-7.91802956e-01
7.51183757e-01,-7.82945787e-01
7.54867417e-01,-7.76026123e-01
7.58551077e-01,-7.68875804e-01
7.62234736e-01,-7.62648108e-01
7.65918396e-01,-7.55728444e-01
7.69602056e-01,-7.48347470e-01
7.73285716e-01,-7.40966496e-01
7.76969376e-01,-7.33816177e-01
7.80653036e-01,-7.27588480e-01
7.84336696e-01,-7.20668817e-01
7.88020356e-01,-7.13518498e-01
7.90783101e-01,-7.08674734e-01
7.93545846e-01,-7.02216381e-01
7.97229505e-01,-6.95758029e-01
8.00913165e-01,-6.89299676e-01
8.04596825e-01,-6.82149358e-01
8.08280485e-01,-6.76152316e-01
8.11964145e-01,-6.69232653e-01
8.15647805e-01,-6.63004956e-01
8.19331465e-01,-6.55854637e-01
8.23015125e-01,-6.47089730e-01
8.26698785e-01,-6.41092688e-01
8.30382444e-01,-6.33942370e-01
8.34066104e-01,-6.26561395e-01
8.38210222e-01,-6.19641732e-01
8.39591594e-01,-6.14106001e-01
8.37749764e-01,-6.10415514e-01
8.34066104e-01,-6.05802406e-01
8.30382444e-01,-6.01804378e-01
8.24856955e-01,-6.02419459e-01
8.19331465e-01,-6.04879784e-01
8.13805975e-01,-6.07955190e-01
8.08280485e-01,-6.10415514e-01
8.02754995e-01,-6.13183380e-01
7.97229505e-01,-6.15951245e-01
7.91704016e-01,-6.18719110e-01
7.86178526e-01,-6.21486976e-01
7.80653036e-01,-6.24254841e-01
7.75127546e-01,-6.27945328e-01
7.69602056e-01,-6.29790572e-01
7.64076566e-01,-6.32558437e-01
7.58551077e-01,-6.36248924e-01
7.53025587e-01,-6.38401708e-01
7.47500097e-01,-6.40862033e-01
7.41974607e-01,-6.44552520e-01
7.36449117e-01,-6.47012845e-01
7.30923627e-01,-6.49473170e-01
7.25398138e-01,-6.52856116e-01
7.19872648e-01,-6.55623981e-01
7.14347158e-01,-6.58391847e-01
7.08821668e-01,-6.61159712e-01
7.03296178e-01,-6.63927577e-01
6.97770688e-01,-6.66695443e-01
6.92245198e-01,-6.69463308e-01
6.86719709e-01,-6.72231173e-01
6.81194219e-01,-6.74999039e-01
6.75668729e-01,-6.77766904e-01
6.70143239e-01,-6.80842310e-01
6.64617749e-01,-6.83917716e-01
6.59092259e-01,-6.86070500e-01
6.53566770e-01,-6.89145906e-01
6.48041280e-01,-6.92221312e-01
6.42515790e-01,-6.94066555e-01
6.36990300e-01,-6.96219340e-01
6.31464810e-01,-6.96219340e-01
6.31925268e-01,-6.90222298e-01
6.33306640e-01,-6.83302635e-01
6.34227555e-01,-6.76844282e-01
6.34227555e-01,-6.71308552e-01
6.34227555e-01,-6.65772821e-01
6.34227555e-01,-6.60237090e-01
6.34227555e-01,-6.54701360e-01
6.34227555e-01,-6.49165629e-01
6.34227555e-01,-6.43629898e-01
6.34227555e-01,-6.38094168e-01
6.34227555e-01,-6.32558437e-01
6.34227555e-01,-6.27022706e-01
6.34227555e-01,-6.21486976e-01
6.34227555e-01,-6.15951245e-01
6.34227555e-01,-6.10415514e-01
6.34227555e-01,-6.04879784e-01
6.34227555e-01,-5.99344053e-01
6.34227555e-01,-5.93808322e-01
6.34227555e-01,-5.88272592e-01
6.34227555e-01,-5.82736861e-01
6.35148470e-01,-5.75586542e-01
6.38832130e-01,-5.69589501e-01
6.42515790e-01,-5.64591966e-01
6.48041280e-01,-5.61516560e-01
6.53566770e-01,-5.57826073e-01
6.59092259e-01,-5.55673289e-01
6.64617749e-01,-5.55058208e-01
6.70143239e-01,-5.55058208e-01
6.75668729e-01,-5.55058208e-01
6.81194219e-01,-5.55058208e-01
6.86719709e-01,-5.55058208e-01
6.92245198e-01,-5.55058208e-01
6.97770688e-01,-5.55058208e-01
7.03296178e-01,-5.55058208e-01
7.08821668e-01,-5.55058208e-01
7.14347158e-01,-5.55058208e-01
7.19872648e-01,-5.55058208e-01
7.25398138e-01,-5.55058208e-01
7.30923627e-01,-5.55058208e-01
7.36449117e-01,-5.55058208e-01
7.41974607e-01,-5.55058208e-01
7.47500097e-01,-5.55058208e-01
7.53025587e-01,-5.55058208e-01
7.58551077e-01,-5.55058208e-01
7.64076566e-01,-5.55058208e-01
7.69602056e-01,-5.55058208e-01
7.75127546e-01,-5.55058208e-01
7.80653036e-01,-5.55058208e-01
7.86178526e-01,-5.55058208e-01
7.91704016e-01,-5.55058208e-01
7.97229505e-01,-5.55058208e-01
8.02754995e-01,-5.55058208e-01
8.08280485e-01,-5.55058208e-01
8.13805975e-01,-5.55058208e-01
8.19331465e-01,-5.55058208e-01
8.24856955e-01,-5.55058208e-01
8.30382444e-01,-5.55058208e-01
8.35907934e-01,-5.55058208e-01
8.41433424e-01,-5.55058208e-01
8.46958914e-01,-5.53828045e-01
8.52484404e-01,-5.53212964e-01
8.58009894e-01,-5.51675261e-01
8.63535384e-01,-5.46754612e-01
8.68600416e-01,-5.42602814e-01
8.74586363e-01,-5.36298232e-01
8.78270023e-01,-5.31531353e-01
8.81953683e-01,-5.25995622e-01
8.85637343e-01,-5.19306614e-01
8.87479173e-01,-5.12002525e-01
8.89321003e-01,-5.04929091e-01
8.91162833e-01,-4.98778279e-01
8.93004663e-01,-4.95087792e-01
8.94846493e-01,-4.89321406e-01
8.96688323e-01,-4.81556006e-01
8.98530153e-01,-4.76020276e-01
9.00371982e-01,-4.70484545e-01
9.02213812e-01,-4.64948814e-01
9.03134727e-01,-4.60028165e-01
9.04055642e-01,-4.53569812e-01
9.05897472e-01,-4.47111460e-01
9.07739302e-01,-4.40653108e-01
9.09581132e-01,-4.34809836e-01
9.11422962e-01,-4.27736403e-01
9.13264792e-01,-4.19202151e-01
9.15106622e-01,-4.11436751e-01
9.16027537e-01,-4.06516102e-01
9.18790282e-01,-4.00365290e-01
9.20632112e-01,-3.94829559e-01
9.22473942e-01,-3.89293829e-01
9.23394857e-01,-3.84373179e-01
9.24315772e-01,-3.78529908e-01
9.26157602e-01,-3.72071555e-01
9.27999432e-01,-3.65305662e-01
9.29841262e-01,-3.57924688e-01
9.31683092e-01,-3.51158795e-01
9.33524922e-01,-3.44085362e-01
9.35366751e-01,-3.37627009e-01
9.37208581e-01,-3.31783738e-01
9.39050411e-01,-3.25632926e-01
9.40892241e-01,-3.18559492e-01
9.42734071e-01,-3.11793599e-01
9.44575901e-01,-3.04412625e-01
9.46417731e-01,-2.98569354e-01
9.48259561e-01,-2.92111002e-01
9.50101391e-01,-2.85037568e-01
9.51943221e-01,-2.77964134e-01
9.51943221e-01,-2.73658566e-01
9.54153417e-01,-2.67015689e-01
9.57468711e-01,-2.57743340e-01
9.59310541e-01,-2.48978433e-01
9.61152371e-01,-2.44134669e-01
9.62994201e-01,-2.38368283e-01
9.64836031e-01,-2.30295342e-01
9.66677861e-01,-2.23836990e-01
9.68519691e-01,-2.16456016e-01
9.70361520e-01,-2.09382582e-01
9.72203350e-01,-2.03231770e-01
9.73124265e-01,-1.98003580e-01
9.75887010e-01,-1.90853262e-01
9.77728840e-01,-1.82319010e-01
9.77728840e-01,-1.77705901e-01
9.79570670e-01,-1.71708860e-01
9.79570670e-01,-1.64789196e-01
9.81412500e-01,-1.60483628e-01
9.81780866e-01,-1.53717735e-01
9.85096160e-01,-1.44952828e-01
9.86017075e-01,-1.38955787e-01
9.86017075e-01,-1.33420056e-01
9.86017075e-01,-1.27884325e-01
9.86017075e-01,-1.22348595e-01
9.86017075e-01,-1.16812864e-01
9.86017075e-01,-1.11277133e-01
9.86017075e-01,-1.05741403e-01
9.86017075e-01,-1.00205672e-01
9.86017075e-01,-9.46699413e-02
9.86017075e-01,-8.91342107e-02
9.86017075e-01,-8.35984800e-02
9.86017075e-01,-7.80627494e-02
9.86017075e-01,-7.25270187e-02
9.86017075e-01,-6.69912881e-02
9.86017075e-01,-6.14555574e-02
9.86017075e-01,-5.59198267e-02
9.86017075e-01,-5.03840961e-02
9.86017075e-01,-4.48483654e-02
9.86017075e-01,-3.93126348e-02
9.86017075e-01,-3.37769041e-02
9.86017075e-01,-2.82411734e-02
9.86017075e-01,-2.27054428e-02
9.86017075e-01,-1.71697121e-02
9.86017075e-01,-1.16339815e-02
9.86017075e-01,-6.09825081e-03
9.86017075e-01,-5.62520149e-04
9.86017075e-01,4.97321051e-03
9.86017075e-01,1.05089412e-02
9.86017075e-01,1.60446718e-02
9.86017075e-01,2.15804025e-02
9.86017075e-01,2.71161331e-02
9.86017075e-01,3.26518638e-02
9.86017075e-01,3.81875945e-02
9.86017075e-01,4.37233251e-02
9.86017075e-01,4.92590558e-02
9.86017075e-01,5.47947864e-02
9.86017075e-01,6.03305171e-02
9.86017075e-01,6.58662478e-02
9.86017075e-01,7.14019784e-02
9.86017075e-01,7.69377091e-02
9.86017075e-01,8.24734397e-02
9.86017075e-01,8.80091704e-02
9.86017075e-01,9.35449010e-02
9.86017075e-01,9.90806317e-02
9.86017075e-01,1.04616362e-01
9.86017075e-01,1.10152093e-01
9.86017075e-01,1.15687824e-01
9.86017075e-01,1.21223554e-01
9.86017075e-01,1.26759285e-01
9.86017075e-01,1.32295016e-01
9.85096160e-01,1.38753368e-01
9.84175245e-01,1.44289099e-01
9.83254330e-01,1.52131384e-01
9.80491585e-01,1.60434980e-01
9.78342784e-01,1.68584806e-01
9.77728840e-01,1.75350699e-01
9.75887010e-01,1.82731673e-01
9.74045180e-01,1.88574944e-01
9.72203350e-01,1.95033296e-01
9.70361520e-01,2.02414271e-01
9.68519691e-01,2.09795245e-01
9.66677861e-01,2.16868679e-01
9.64836031e-01,2.23634572e-01
9.62994201e-01,2.31476857e-01
9.59924484e-01,2.38704061e-01
9.59310541e-01,2.45469954e-01
9.58389626e-01,2.52235847e-01
9.55626881e-01,2.58694199e-01
9.52864136e-01,2.64691241e-01
9.51943221e-01,2.70688282e-01
9.50101391e-01,2.77761716e-01
9.48259561e-01,2.85680886e-01
9.45496816e-01,2.92369894e-01
9.44575901e-01,2.98366935e-01
9.42734071e-01,3.05747910e-01
9.40892241e-01,3.12821343e-01
9.39050411e-01,3.19279696e-01
9.37208581e-01,3.25122967e-01
9.35366751e-01,3.31581319e-01
9.33524922e-01,3.38962294e-01
9.31683092e-01,3.46035727e-01
9.29841262e-01,3.52494080e-01
9.27999432e-01,3.59490628e-01
9.25236687e-01,3.67102258e-01
9.23087885e-01,3.74021921e-01
9.22473942e-01,3.81095355e-01
9.20632112e-01,3.87553707e-01
9.18790282e-01,3.93704519e-01
9.16948452e-01,3.99855331e-01
9.15106622e-01,4.07236305e-01
9.13264792e-01,4.14309739e-01
9.11422962e-01,4.20768091e-01
9.09581132e-01,4.26611362e-01
9.07739302e-01,4.34453647e-01
9.04669586e-01,4.41680851e-01
9.04055642e-01,4.48446744e-01
9.02213812e-01,4.55827719e-01
9.00371982e-01,4.61363449e-01
8.98530153e-01,4.68359998e-01
8.95460436e-01,4.74895235e-01
8.94846493e-01,4.80584736e-01
8.94232549e-01,4.85966697e-01
8.91162833e-01,4.92117508e-01
8.89321003e-01,4.97345699e-01
8.87479173e-01,5.03804051e-01
8.85637343e-01,5.11031255e-01
8.81953683e-01,5.19104195e-01
8.78270023e-01,5.24870582e-01
8.74586363e-01,5.30867623e-01
8.69060873e-01,5.35942043e-01
8.65377213e-01,5.41939084e-01
8.59851724e-01,5.46552193e-01
8.54326234e-01,5.49627599e-01
8.48800744e-01,5.51780383e-01
8.43275254e-01,5.52087924e-01
8.37749764e-01,5.52087924e-01
8.32224274e-01,5.52087924e-01
8.26698785e-01,5.52087924e-01
8.21173295e-01,5.52087924e-01
8.15647805e-01,5.52087924e-01
8.10122315e-01,5.52087924e-01
8.04596825e-01,5.52087924e-01
7.99071335e-01,5.52087924e-01
7.93545846e-01,5.52087924e-01
7.88020356e-01,5.52087924e-01
7.82494866e-01,5.52087924e-01
7.76969376e-01,5.52087924e-01
7.71443886e-01,5.52087924e-01
7.65918396e-01,5.52087924e-01
7.60392907e-01,5.52087924e-01
7.54867417e-01,5.52087924e-01
7.49341927e-01,5.52087924e-01
7.43816437e-01,5.52087924e-01
7.38290947e-01,5.52087924e-01
7.32765457e-01,5.52087924e-01
7.27239967e-01,5.52087924e-01
7.21714478e-01,5.52087924e-01
7.16188988e-01,5.52087924e-01
7.10663498e-01,5.52087924e-01
7.05138008e-01,5.52087924e-01
6.99612518e-01,5.52087924e-01
6.94087028e-01,5.52087924e-01
6.88561539e-01,5.52087924e-01
6.83036049e-01,5.52087924e-01
6.77510559e-01,5.52087924e-01
6.71985069e-01,5.52087924e-01
6.66459579e-01,5.52087924e-01
6.60934089e-01,5.52395465e-01
6.55408600e-01,5.54240708e-01
6.49883110e-01,5.56701033e-01
6.44357620e-01,5.59776439e-01
6.38832130e-01,5.63159385e-01
6.35148470e-01,5.67772494e-01
6.34227555e-01,5.73308225e-01
6.34227555e-01,5.78843955e-01
6.34227555e-01,5.84379686e-01
6.34227555e-01,5.89915417e-01
6.34227555e-01,5.95451147e-01
6.34227555e-01,6.00986878e-01
6.34227555e-01,6.06522609e-01
6.34227555e-01,6.12058339e-01
6.34227555e-01,6.17594070e-01
6.34227555e-01,6.23129801e-01
6.34227555e-01,6.28665531e-01
6.34227555e-01,6.34201262e-01
6.34227555e-01,6.39736993e-01
6.34227555e-01,6.45272723e-01
6.34227555e-01,6.50808454e-01
6.34227555e-01,6.56344185e-01
6.34227555e-01,6.61879915e-01
6.34227555e-01,6.67415646e-01
6.34227555e-01,6.72951377e-01
6.34227555e-01,6.78487107e-01
6.32846183e-01,6.84022838e-01
6.31004353e-01,6.90481190e-01
6.36990300e-01,6.92326434e-01
6.42515790e-01,6.91711353e-01
6.48041280e-01,6.88635947e-01
6.53566770e-01,6.85868082e-01
6.59092259e-01,6.83100216e-01
6.64617749e-01,6.80332351e-01
6.70143239e-01,6.77564486e-01
6.75668729e-01,6.74796620e-01
6.81194219e-01,6.72028755e-01
6.86719709e-01,6.69260890e-01
6.92245198e-01,6.66493024e-01
6.97770688e-01,6.63725159e-01
7.03296178e-01,6.60342212e-01
7.08821668e-01,6.57574347e-01
7.14347158e-01,6.55114022e-01
7.19872648e-01,6.52346157e-01
7.25398138e-01,6.48963210e-01
7.30923627e-01,6.46502886e-01
7.36449117e-01,6.44350102e-01
7.41974607e-01,6.40659614e-01
7.47500097e-01,6.37891749e-01
7.53025587e-01,6.36046506e-01
7.58551077e-01,6.32663559e-01
7.64076566e-01,6.29588153e-01
7.69602056e-01,6.26820288e-01
7.75127546e-01,6.24052423e-01
7.80653036e-01,6.20977017e-01
7.86178526e-01,6.18516692e-01
7.91704016e-01,6.15748827e-01
7.97229505e-01,6.12980961e-01
8.02754995e-01,6.10213096e-01
8.08280485e-01,6.07445231e-01
8.13805975e-01,6.03754743e-01
8.19331465e-01,6.01601959e-01
8.24856955e-01,5.99449175e-01
8.30382444e-01,5.99141635e-01
8.35907934e-01,6.01217534e-01
8.37749764e-01,6.07137690e-01
8.38210222e-01,6.12980961e-01
8.35907934e-01,6.18824232e-01
8.32224274e-01,6.24513733e-01
8.28540615e-01,6.32586674e-01
8.24856955e-01,6.38122405e-01
8.21173295e-01,6.44042561e-01
8.19331465e-01,6.49578292e-01
8.15647805e-01,6.55882874e-01
8.11964145e-01,6.63263848e-01
8.08280485e-01,6.70875478e-01
8.04596825e-01,6.78025796e-01
8.00913165e-01,6.84484149e-01
7.97229505e-01,6.91173157e-01
7.93545846e-01,6.98092820e-01
7.89862186e-01,7.04320517e-01
7.86178526e-01,7.11240180e-01
7.82494866e-01,7.18390499e-01
7.78811206e-01,7.24387541e-01
7.75127546e-01,7.31537859e-01
7.71443886e-01,7.38918834e-01
7.67760226e-01,7.46299808e-01
7.64076566e-01,7.53450127e-01
7.60392907e-01,7.59677824e-01
7.56709247e-01,7.66828142e-01
7.53025587e-01,7.72902069e-01
7.51183757e-01,7.77822719e-01
7.47500097e-01,7.84819267e-01
7.43816437e-01,7.91508275e-01
7.40132777e-01,7.97966627e-01
7.36449117e-01,8.05347602e-01
7.33379401e-01,8.11344643e-01
7.30309684e-01,8.16880374e-01
7.27239967e-01,8.22877415e-01
7.23556308e-01,8.29335768e-01
7.19872648e-01,8.36486087e-01
7.16188988e-01,8.42713784e-01
7.12505328e-01,8.49633447e-01
7.08821668e-01,8.56783766e-01
7.05138008e-01,8.62088841e-01
7.03296178e-01,8.67317031e-01
6.99612518e-01,8.75005546e-01
6.95928858e-01,8.81233243e-01
6.92245198e-01,8.86999629e-01
6.88561539e-01,8.91151427e-01
6.83036049e-01,8.94688144e-01
6.77510559e-01,8.95303225e-01
6.71985069e-01,8.95303225e-01
6.66459579e-01,8.95303225e-01
6.60934089e-01,8.95303225e-01
6.55408600e-01,8.94688144e-01
6.49883110e-01,8.93150441e-01
6.44357620e-01,8.90690116e-01
6.38832130e-01,8.88844872e-01
6.33306640e-01,8.86999629e-01
6.27781150e-01,8.84231763e-01
6.22255660e-01,8.81463898e-01
6.16730171e-01,8.79003573e-01
6.11204681e-01,8.76850789e-01
6.05679191e-01,8.74082924e-01
6.00153701e-01,8.71315059e-01
5.94628211e-01,8.69162274e-01
5.89102721e-01,8.67317031e-01
5.83577232e-01,8.64856706e-01
5.78051742e-01,8.62396381e-01
5.72526252e-01,8.60551138e-01
5.67000762e-01,8.59320976e-01
5.61475272e-01,8.58090813e-01
5.55949782e-01,8.56245570e-01
5.50424293e-01,8.53785245e-01
5.44898803e-01,8.51940001e-01
5.39373313e-01,8.50709839e-01
5.33847823e-01,8.49172136e-01
5.28322333e-01,8.47634433e-01
5.22796843e-01,8.45789189e-01
5.17271353e-01,8.43943946e-01
5.11745864e-01,8.42098702e-01
5.06220374e-01,8.40560999e-01
5.00694884e-01,8.39023296e-01
4.95169394e-01,8.37793134e-01
4.89643904e-01,8.35332809e-01
4.84118414e-01,8.33487566e-01
4.78592925e-01,8.32257403e-01
4.73067435e-01,8.30719700e-01
4.67541945e-01,8.29181997e-01
4.62016455e-01,8.27029213e-01
4.56490965e-01,8.25183970e-01
4.50965475e-01,8.23646267e-01
4.45439986e-01,8.22108564e-01
4.39914496e-01,8.20570861e-01
4.34389006e-01,8.18725617e-01
4.28863516e-01,8.16880374e-01
4.23338026e-01,8.15035130e-01
4.17812536e-01,8.13189887e-01
4.12287046e-01,8.11959724e-01
4.06761557e-01,8.10114481e-01
4.01236067e-01,8.08269237e-01
3.95710577e-01,8.06423994e-01
3.90185087e-01,8.04886291e-01
3.84659597e-01,8.03348588e-01
3.79134107e-01,8.01503344e-01
3.73608618e-01,7.99658101e-01
3.68083128e-01,7.96890235e-01
3.62926004e-01,7.91600537e-01
3.67622670e-01,7.87125822e-01
3.73608618e-01,7.86126315e-01
3.79134107e-01,7.84588612e-01
3.84659597e-01,7.84588612e-01
3.90185087e-01,7.83665990e-01
3.95710577e-01,7.82743368e-01
4.01236067e-01,7.82128287e-01
4.06761557e-01,7.80898125e-01
4.12287046e-01,7.79975503e-01
4.17812536e-01,7.79052881e-01
4.23338026e-01,7.78745340e-01
4.28863516e-01,7.77207637e-01
4.34389006e-01,7.75669934e-01
4.39914496e-01,7.73055839e-01
4.38533123e-01,7.69826663e-01
4.34389006e-01,7.63598966e-01
4.30705346e-01,7.56679303e-01
4.27021686e-01,7.50912917e-01
4.23338026e-01,7.45377186e-01
4.19654366e-01,7.40610307e-01
4.15602340e-01,7.34028938e-01
4.10445217e-01,7.27386061e-01
4.06761557e-01,7.20697054e-01
4.02463953e-01,7.14776897e-01
3.97184041e-01,7.08011004e-01
3.92026917e-01,7.01552652e-01
3.88343257e-01,6.95555610e-01
3.84291231e-01,6.89189520e-01
3.79134107e-01,6.82177594e-01
3.73608618e-01,6.75719242e-01
3.69556592e-01,6.69445414e-01
3.64399468e-01,6.62802537e-01
3.60715808e-01,6.56805496e-01
3.56663782e-01,6.50439405e-01
3.51506658e-01,6.44350102e-01
3.47822998e-01,6.39121912e-01
3.44139338e-01,6.33739951e-01
3.40087313e-01,6.27189337e-01
3.34930189e-01,6.20361935e-01
3.30878163e-01,6.14088107e-01
3.25721039e-01,6.07445231e-01
3.21669013e-01,6.00617829e-01
3.16143523e-01,5.93605904e-01
3.10986399e-01,5.88070173e-01
3.07302739e-01,5.81919361e-01
3.03250714e-01,5.75337993e-01
2.98093590e-01,5.68695116e-01
2.94041564e-01,5.61867715e-01
2.88516074e-01,5.54855789e-01
2.83358950e-01,5.48397437e-01
2.79675290e-01,5.42400395e-01
2.75623264e-01,5.36034305e-01
2.70466141e-01,5.29945001e-01
2.66414115e-01,5.23117600e-01
2.61717448e-01,5.17489607e-01
2.59415161e-01,5.10569944e-01
2.57573331e-01,5.03804051e-01
2.55731501e-01,4.97960780e-01
2.53889671e-01,4.92732590e-01
2.52047841e-01,4.84505879e-01
2.49285096e-01,4.77355560e-01
2.46522351e-01,4.71589174e-01
2.42838691e-01,4.65592132e-01
2.39155031e-01,4.59364435e-01
2.35471372e-01,4.53136738e-01
2.31419346e-01,4.46170944e-01
2.25801764e-01,4.40912000e-01
2.21197189e-01,4.36298891e-01
2.15211242e-01,4.31224471e-01
2.09685752e-01,4.25996281e-01
2.04160262e-01,4.22613335e-01
1.98634773e-01,4.21075632e-01
1.93109283e-01,4.19845469e-01
1.87583793e-01,4.19230388e-01
1.82058303e-01,4.18000226e-01
1.76993271e-01,4.14617279e-01
1.74690983e-01,4.08466467e-01
1.72849153e-01,4.02315656e-01
